{
    "players": [
        {
            "username": "player0",
            "x": 6.5192674334342655,
            "y": 4.334985096298496
        },
        {
            "username": "player1",
            "x": 6.258157562731496,
            "y": 3.4011252499017446
        }
    ]
}