{
    "players": [
        {
            "username": "player0",
            "x": 5.810872497697781,
            "y": -0.17144071761262747
        },
        {
            "username": "player1",
            "x": 11.053359086543965,
            "y": 0.07343034238844276
        }
    ]
}