{
    "players": [
        {
            "username": "player0",
            "x": -1.4014029421842258,
            "y": 2.1626852249760313
        },
        {
            "username": "player1",
            "x": 4.606611820812142,
            "y": -5.5920621941635025
        }
    ]
}