{
    "players": [
        {
            "username": "player0",
            "x": -5.76672248013621,
            "y": -7.049225485872739
        },
        {
            "username": "player1",
            "x": -6.538957468790675,
            "y": -6.2164486129641405
        },
        {
            "username": "player2",
            "x": -7.716708474710835,
            "y": 4.415779256344549
        }
    ]
}