{
    "players": [
        {
            "username": "player0",
            "x": 2.049534418025715,
            "y": 5.5679855497992214
        },
        {
            "username": "player1",
            "x": -3.034894262659571,
            "y": -3.9778906302901778
        }
    ]
}