{
    "players": [
        {
            "username": "player0",
            "x": 0.0895881891870795,
            "y": -1.8136184518414478
        },
        {
            "username": "player1",
            "x": 14.938834232656841,
            "y": -6.821483007181655
        }
    ]
}